id,owner_id,name,access_token,model,is_active,created_at,updated_at,total_distance,total_distance_updated_at
"01JDFEF7MGXXCJKW1MNJXPA77A","01JDFEDF008NTA922W12FS7800",QC-L13-8361,3013d5ec84e1b230f913a17d71ef27c8d09d777b1cce7a3c1e2ffd4040848411,クエストチェア Lite,"0","2024-11-24 16:00:58.000000","2024-11-24 16:00:58.000000",128,"2024-11-26 04:51:42.000000"
"01JDFEXJM006PH4C1EVHJ31QMV","01JDFEDF008NTA922W12FS7800",LC-48-2566,b63d4c58ded093013ea5a483e2184d91e8069d17c69385c728cdc620784a4dd1,Legacy Chair,"0","2024-11-24 16:08:48.000000","2024-11-24 16:08:48.000000",107,"2024-11-26 08:03:35.000000"
"01JDFGTKR0586QH1QGXRACGB80","01JDFEDF008NTA922W12FS7800",IS-33-8740,"091cd034ce1ac4a9dd9fb1b5ec52c3dcd84eefb30e23e9e0bdc6c2ca8a7610da",Infinity Seat,"0","2024-11-24 16:42:08.000000","2024-11-24 16:42:08.000000","0",
"01JDFH6WAGA8EEG0N6VPDRPCP7","01JDFEDF008NTA922W12FS7800",SL-GX32-8113,51b0991dab0bb0bb81b5bef31b32ac59540d4b61d333895f23d9cd3c39a66694,スリムライン GX,"0","2024-11-24 16:48:50.000000","2024-11-24 16:48:50.000000",428,"2024-11-26 02:11:37.000000"
"01JDFK1BDGV57XYXDMZVW1DWJK","01JDFEDF008NTA922W12FS7800",SF-01-1138,10ae96289680257362c6ae11372890335434f7e1ced8b6df0d9cab3cd7853413,スピンフレーム 01,"0","2024-11-24 17:20:46.000000","2024-11-24 17:20:46.000000",275,"2024-11-25 20:07:14.000000"
"01JDFKF1WR5S48N2V9GN1466TD","01JDFEDF008NTA922W12FS7800",CB-09-3316,74adcbaa2066e4fb9a6bb565c1001023e2eb488f8cc8e18a172a8e88cd7a248f,ComfortBasic,"0","2024-11-24 17:28:15.000000","2024-11-24 17:28:15.000000",57,"2024-11-26 13:00:23.000000"
"01JDFKQDF8J79C07FTFK4W3F3B","01JDFEDF008NTA922W12FS7800",PU-46-8661,1054e325337c406c1882fb06a1ae2348bde30bb64d00cd69475ae06d7dc3fa69,Phoenix Ultra,"0","2024-11-24 17:32:49.000000","2024-11-24 17:32:49.000000",84,"2024-11-26 11:52:52.000000"
"01JDFMB5A0YEPP983PQ2KV50BC","01JDFEDF008NTA922W12FS7800",AS-14-2377,7f8728dd9a973cc817dcaeb8b5ccf8b251458a0510354db45d39e6f9a1819a46,AeroSeat,"0","2024-11-24 17:43:36.000000","2024-11-24 17:43:36.000000",88,"2024-11-26 08:47:50.000000"
"01JDFPJKE8P6CPSMZRPYQF94ZP","01JDFEDF008NTA922W12FS7800",EF-22-8927,3a5570add560a99dfb1e374757b389112b6e6e14bf091f5e38e25320df50420b,ErgoFlex,"0","2024-11-24 18:22:37.000000","2024-11-24 18:22:37.000000","0",
"01JDFQ1TR0WRQT71GFHJXK1PMN","01JDFEDF008NTA922W12FS7800",IC-LX38-2325,30a4439705a06feaec03a67fdec1d0fdb1ea515adba2d127346f223873433829,インペリアルクラフト LUXE,"0","2024-11-24 18:30:56.000000","2024-11-24 18:30:56.000000","0",
"01JDFRHA905GZD4VCQVHVEV51Y","01JDFEDF008NTA922W12FS7800",TF-U47-4143,5d2f8e6dda2311bafb2eb050cb5f244622b364248144e3421e3e44601368aca0,タイタンフレーム ULTRA,"0","2024-11-24 18:56:52.000000","2024-11-24 18:56:52.000000","0",
"01JDFRJ0QRSM1GK8JBRAQD3HX1","01JDFEDF008NTA922W12FS7800",CA-S03-8875,61dc6fbbbc58c74d2fb3a28d75ac406a06509284e558d73767ca7d0d56e9ec21,チェアエース S,"0","2024-11-24 18:57:15.000000","2024-11-24 18:57:15.000000",144,"2024-11-26 00:43:43.000000"
"01JDFTB9R0PCKWAJAZBSY6148B","01JDFEDF008NTA922W12FS7800",BS-PL04-5466,983c5143305561a49484e93161925936cf6c749bf52edeb35ba4fc35eaac5173,ベーシックスツール プラス,"0","2024-11-24 19:28:32.000000","2024-11-24 19:28:32.000000",384,"2024-11-26 02:58:37.000000"
"01JDFVGD80DYSRK1R4ZKHD4N6M","01JDFEDF008NTA922W12FS7800",ES-RG40-9640,e1933acdcbccad032f7580762fc1ab2e5d9b69e1a87f964231abb22cfedbb89b,エコシート リジェネレイト,"0","2024-11-24 19:48:48.000000","2024-11-24 19:48:48.000000",112,"2024-11-25 20:51:30.000000"
"01JDFX3G0GFR14N1AJF7KR9Y90","01JDFEDF008NTA922W12FS7800",CA-S03-1770,6e533214735faf7380938f13dbcfcadcaa991006f74c3e1fd4b2070f41956971,チェアエース S,"0","2024-11-24 20:16:42.000000","2024-11-24 20:16:42.000000",289,"2024-11-26 03:22:07.000000"
"01JDFYDNM0HWKK140PQDHA89B7","01JDFEDF008NTA922W12FS7800",AS-14-9261,ce407887c6a13d93db3d3f2aa367688476d615f9e14dc26702028a9c66236e59,AeroSeat,"0","2024-11-24 20:39:44.000000","2024-11-24 20:39:44.000000",191,"2024-11-26 06:05:16.000000"
"01JDFZDSY8VJBY7PATGWDYD190","01JDFEDF008NTA922W12FS7800",TL-35-9215,1554e6a94ff0701666854e77f786d6bf1dc07bc84f7d13e9342ff0b816787864,Titanium Line,"0","2024-11-24 20:57:17.000000","2024-11-24 20:57:17.000000",230,"2024-11-26 13:27:29.000000"
"01JDFZYA8GF3XYCW4PH7HVAHDT","01JDFEDF008NTA922W12FS7800",FG-C24-433,93fb36fd91d7855070c0ec84bd849b98d3ca884fdf8b40e3e258ac07cd1999ff,風雅（ふうが）チェア,"0","2024-11-24 21:06:18.000000","2024-11-24 21:06:18.000000","0",
"01JDG08BHRN4ABRDAM8N438G69","01JDFEDF008NTA922W12FS7800",ZC-36-7713,c79b5d8d53b2074411d313bdaa09f7d6a22faa563969f8483882daec6e505e49,ZenComfort,"0","2024-11-24 21:11:47.000000","2024-11-24 21:11:47.000000",200,"2024-11-26 06:13:11.000000"
"01JDG0SS5GRWBNZP9Y613AQ4NN","01JDFEDF008NTA922W12FS7800",GS-NX16-1970,e49a97aab13105ba7abebacbabed312e8d59ffcac49682ff2ee290209ca9482a,ゲーミングシート NEXUS,"0","2024-11-24 21:21:18.000000","2024-11-24 21:21:18.000000","0",
"01JDG1NYH82KFBCABGE0G3CC65","01JDFEDF008NTA922W12FS7800",BP-23-4754,6f579db44b9f36a1ac98558311c58c1815a5073cbf696dbe7c200f892e6404f8,BalancePro,"0","2024-11-24 21:36:41.000000","2024-11-24 21:36:41.000000",127,"2024-11-26 02:53:48.000000"
"01JDG3REF0H2VQ9GV92N32DCV2","01JDFEDF008NTA922W12FS7800",LL-06-5093,a59d2fa1e27ad02dd0ef2e2532b0205d27a6e8bc24e3c4b0417e1dc1d8cb4737,LiteLine,"0","2024-11-24 22:13:00.000000","2024-11-24 22:13:00.000000","0",
"01JDG44WX0VRJGK7H6VWB1D38B","01JDFEDF008NTA922W12FS7800",SF-01-4482,3f7b5c5f4ce83744270332a867731db88e1212f26c40aa2d730d1a91fa7f86d3,スピンフレーム 01,"0","2024-11-24 22:19:48.000000","2024-11-24 22:19:48.000000",39,"2024-11-26 06:53:18.000000"
"01JDG4DQ48GECTFQSTF590ANM6","01JDFEDF008NTA922W12FS7800",FC-P18-2210,2e37b5495e4eec46178c5c1a27d3798ebcf1aa6a504019955a6b812dd35939a7,フレックスコンフォート PRO,"0","2024-11-24 22:24:37.000000","2024-11-24 22:24:37.000000",197,"2024-11-25 21:16:56.000000"
"01JDG5GP8REX38T5RAJFZ5RAXD","01JDFEDF008NTA922W12FS7800",EF-22-2931,a39c391e1a4f914b64aea8e0e83d16c6f1db43fbc03ec4d7eba80cc3598bf1d1,ErgoFlex,"0","2024-11-24 22:43:43.000000","2024-11-24 22:43:43.000000","0",
"01JDG6G62RGB2VJQR1EEP9H216","01JDFEDF008NTA922W12FS7800",SS-R39-7683,b9e5466a881731108e57a68fffb9db5be9d4cd8f4e8fcf31cb50a3cb0ce3c5e8,ステルスシート ROGUE,"0","2024-11-24 23:00:55.000000","2024-11-24 23:00:55.000000",46,"2024-11-26 05:03:17.000000"
"01JDG6JK7GNXR9W9HHVPWQYM9E","01JDFEDF008NTA922W12FS7800",IG-V42-5693,8271925468c39dc026329b74b540b10ade80f2ab31d96c245dbc45393f211634,インフィニティ GEAR V,"0","2024-11-24 23:02:14.000000","2024-11-24 23:02:14.000000",57,"2024-11-26 08:29:55.000000"
"01JDG6WPF81EGY9RMHTXAQQVGG","01JDFEDF008NTA922W12FS7800",RZ-07-1829,8f3978c40a7c928ca77f8af829cc7ccc22709fe0eecfdd4742bd73498143a91a,リラックス座,"0","2024-11-24 23:07:45.000000","2024-11-24 23:07:45.000000",124,"2024-11-26 05:17:21.000000"
"01JDG7P6W8HZQAVF9ZVES6EMMW","01JDFEDF008NTA922W12FS7800",RS-NEO01-7391,84a0ac9bc13497e0a30043d8e63111fc6323e379c9b455f7c71a03eb86651236,リラックスシート NEO,"0","2024-11-24 23:21:41.000000","2024-11-24 23:21:41.000000",209,"2024-11-25 20:26:34.000000"
"01JDG82GE0QR7MQR61SEXA8W7J","01JDFEDF008NTA922W12FS7800",SS-11-7018,1be11cf3b27be2b32a0d7075acee498fad2d7e5e33578708f92d289343db364d,StyleSit,"0","2024-11-24 23:28:24.000000","2024-11-24 23:28:24.000000",400,"2024-11-26 08:51:23.000000"
"01JDGA8FP8FAGPKV01EE2WY58P","01JDFEDF008NTA922W12FS7800",AS-14-9316,9f90983cef8fca64e24d3f64731ba10e6bf84efddc67d9cb0a1e54849d6019b6,AeroSeat,"0","2024-11-25 00:06:37.000000","2024-11-25 00:06:37.000000",80,"2024-11-26 05:55:08.000000"
"01JDGBAZ6RQQWF0J8XGSK2SSXA","01JDFEDF008NTA922W12FS7800",AS-LT02-4890,5fe1163a306efaf69bdb5d727a414a2ab3dc03429866b666de6d86bb8eef7efa,エアシェル ライト,"0","2024-11-25 00:25:27.000000","2024-11-25 00:25:27.000000","0",
"01JDGBBVH0WQG2RBSGZAP9F1GH","01JDFEDF008NTA922W12FS7800",OP-43-639,157e929f7b7064163f063949d7faffd82f64e734402a079db2a370f6bcb31e7e,オブシディアン PRIME,"0","2024-11-25 00:25:56.000000","2024-11-25 00:25:56.000000","0",
"01JDGBCZN814W0NXW13CYR18XZ","01JDFEDF008NTA922W12FS7800",OP-43-7200,325746400c3b1b8e7b2527f6d23b2a919795461abfd1038af8553feb9a37357e,オブシディアン PRIME,"0","2024-11-25 00:26:33.000000","2024-11-25 00:26:33.000000",296,"2024-11-26 08:13:54.000000"
"01JDGBXQSGCKDDRRE184N7K7G5","01JDFEDF008NTA922W12FS7800",MC-R30-996,204342d93e61c49b32aabee5e8e50b630125f0509d7206ba0fc851387693826d,モーションチェア RISE,"0","2024-11-25 00:35:42.000000","2024-11-25 00:35:42.000000",168,"2024-11-26 13:09:35.000000"
"01JDGC72M02NS31M9HXYTN3AN6","01JDFEDF008NTA922W12FS7800",TZ-PL51-9463,aa8bde6d57068919b5aadbdbd17c9b10b0cb8b5efed9ab5fe7ddb7478ac792ca,匠座 PRO LIMITED,"0","2024-11-25 00:40:48.000000","2024-11-25 00:40:48.000000",158,"2024-11-26 10:19:16.000000"
"01JDGDAS6GM14P09XWYWAF7SWV","01JDFEDF008NTA922W12FS7800",FC-P18-9254,ff5ea818fd99cec63a204035b2e3bc726c92f399e961453b492d7fe1b1bfb036,フレックスコンフォート PRO,"0","2024-11-25 01:00:18.000000","2024-11-25 01:00:18.000000",182,"2024-11-26 06:41:11.000000"
"01JDGDRQFRGX8GM3CR68ZZM0A8","01JDFEDF008NTA922W12FS7800",ES-08-5733,9cf42703d4c0ddd7ac68a18942f6dace48c89ecde11edea78b407d6214e5d778,EasySit,"0","2024-11-25 01:07:55.000000","2024-11-25 01:07:55.000000",74,"2024-11-26 08:50:59.000000"
"01JDGDT4D8YYDPX14E79Q0EPNE","01JDFEDF008NTA922W12FS7800",FC-P18-3655,13f4cb245b32a0e5f209d5d614dba45ac6bbbdb7a2f92eaedaaab0c75c69e85d,フレックスコンフォート PRO,"0","2024-11-25 01:08:41.000000","2024-11-25 01:08:41.000000",12,"2024-11-26 01:00:07.000000"
"01JDGEKKV0J0S5KS9C852QYCK3","01JDFEDF008NTA922W12FS7800",GA-31-2152,54ae71eae0bf4d7c190e39fba7cb091b34f8b650a962375ab000f25673de1625,雅楽座,"0","2024-11-25 01:22:36.000000","2024-11-25 01:22:36.000000",486,"2024-11-25 18:37:46.000000"
"01JDGFHGW0Z32WC9Z8ZFZ43SV4","01JDFEDF008NTA922W12FS7800",ES-08-268,8f494144e49e1649975783a51339278e4cdcbb11afb78af687ff862298d6fe4a,EasySit,"0","2024-11-25 01:38:56.000000","2024-11-25 01:38:56.000000",200,"2024-11-25 23:10:02.000000"
"01JDGFKZ009K2JHAN9JFMV5VQZ","01JDFEDF008NTA922W12FS7800",SG-S120-9146,77e53453358ce80b4894f1d353ebfa7958985225d6355a3b2541cd3c37a8f400,ストリームギア S1,"0","2024-11-25 01:40:16.000000","2024-11-25 01:40:16.000000",122,"2024-11-25 22:11:02.000000"
"01JDGFTB38REM072NY9Y3VN169","01JDFEDF008NTA922W12FS7800",PE-X129-807,52da683c66232ac418acda55fabf679e5afe8ea1ac9661c24df43d6d80020e5e,プロゲーマーエッジ X1,"0","2024-11-25 01:43:45.000000","2024-11-25 01:43:45.000000",170,"2024-11-26 10:50:45.000000"
"01JDGG1Y8GEX90HRBG65QCY58B","01JDFEDF008NTA922W12FS7800",NS-BE44-9855,d2ec8beb6565171234d429e974b486456c816e15ef64b3e7677339c9371205bc,ナイトシート ブラックエディション,"0","2024-11-25 01:47:54.000000","2024-11-25 01:47:54.000000",174,"2024-11-26 04:10:01.000000"
"01JDGG7860A965P9Y06WE9X4CG","01JDFEDF008NTA922W12FS7800",LL-06-7409,d31883fe426efcda9d3f80640245ebc8dd006fd7abcc1e82c3fb498bd08414b3,LiteLine,"0","2024-11-25 01:50:48.000000","2024-11-25 01:50:48.000000",213,"2024-11-25 21:46:26.000000"
"01JDGJBGR869BEHSKVV3XWGD1Y","01JDFEDF008NTA922W12FS7800",IC-LX38-8257,d417920eb595e90deea4e3501c17d78133e4a0307e731de1dc91b55bd37f31a7,インペリアルクラフト LUXE,"0","2024-11-25 02:28:05.000000","2024-11-25 02:28:05.000000",232,"2024-11-26 04:42:23.000000"
"01JDGJVMC86FW9DBNSWAF2N09Q","01JDFEDF008NTA922W12FS7800",FC-P18-6994,4fee0a63afb8a51f0b9fd563cb8cd3c1b7e3077271a6080110951234fdf74383,フレックスコンフォート PRO,"0","2024-11-25 02:36:53.000000","2024-11-25 02:36:53.000000",21,"2024-11-26 03:42:48.000000"
"01JDGKAE0GFR1NHYJARFMWP4G0","01JDFEDF008NTA922W12FS7800",ES-08-3538,dc0b8f190357fd6ce9b40e364c9bdf40c4151b7bda83bf5ff8536aef4a15d915,EasySit,"0","2024-11-25 02:44:58.000000","2024-11-25 02:44:58.000000",97,"2024-11-26 08:04:45.000000"
"01JDGMMRG89WYRMRXTX1RSYY2N","01JDFEDF008NTA922W12FS7800",EC-II12-8811,be1dbb3da2dc10ea9ae206aefd4e8a9bc81566fb1ec0b444418350e9eb4e7843,エルゴクレスト II,"0","2024-11-25 03:08:05.000000","2024-11-25 03:08:05.000000",66,"2024-11-26 02:17:07.000000"
"01JDGNYS7GV7R7KY9EQ82ZZ5YA","01JDFEDF008NTA922W12FS7800",BP-23-518,81a32295860fe2e11f7f9d9287740c45c4eeb09f1768facc2640d4a479093755,BalancePro,"0","2024-11-25 03:31:02.000000","2024-11-25 03:31:02.000000",123,"2024-11-26 15:03:21.000000"
"01JDGNZPH0NEMXQ92XQ6GX88K5","01JDFEDF008NTA922W12FS7800",VC-S50-9677,"0d4c210301ae07e72d0ae7fac488340cea6b974328fe4ed40db4c4e0c98cec67",ヴァーチェア SUPREME,"0","2024-11-25 03:31:32.000000","2024-11-25 03:31:32.000000",77,"2024-11-25 19:05:07.000000"
"01JDGP1E68X1036QJ01AA0DED5","01JDFEDF008NTA922W12FS7800",ZB-A53-3003,7434daa1f03d16d946cbbf2bf674fc75c6a24fe78484cad242b106e9bfe6c29a,ゼノバース ALPHA,"0","2024-11-25 03:32:29.000000","2024-11-25 03:32:29.000000",253,"2024-11-25 19:12:54.000000"
"01JDGQ2WG839FE9AB05G2ZZX9Z","01JDFEDF008NTA922W12FS7800",SF-01-7047,254fe2e8611cd3cba0143259124ece35315329c82906e928392910f4a2b899d2,スピンフレーム 01,"0","2024-11-25 03:50:45.000000","2024-11-25 03:50:45.000000","0",
"01JDGQ9N9R7EQFNJWDNF4J1PYX","01JDFEDF008NTA922W12FS7800",CB-09-6081,e40d1b41d4a3e221a4a1cb93ddcfbeb077e2b08145169bf9f1c8fadbe9a912e3,ComfortBasic,"0","2024-11-25 03:54:27.000000","2024-11-25 03:54:27.000000",127,"2024-11-26 09:58:04.000000"
"01JDGQCA8G5YGJBS3VC9CWAH85","01JDFEDF008NTA922W12FS7800",LT-34-1615,51503bc9890012617ff02834c144d5bd8c189406555a7145067a7acc205512b0,LuxeThrone,"0","2024-11-25 03:55:54.000000","2024-11-25 03:55:54.000000","0",
"01JDGR65D8ETP0QKTXGQE83K6H","01JDFEDF008NTA922W12FS7800",LL-06-1745,5d8bb93ede4cd711af9bce4ed584a2de52661bb528954220d3b7f807a8d81246,LiteLine,"0","2024-11-25 04:10:01.000000","2024-11-25 04:10:01.000000","0",
"01JDGR8HJRD2ZKX8S95HZD6MJW","01JDFEDF008NTA922W12FS7800",SS-11-9661,30bd3867c9d9f9a53b2261c99847d8940abcecec0d7daab4233d8f4487baccbe,StyleSit,"0","2024-11-25 04:11:19.000000","2024-11-25 04:11:19.000000",384,"2024-11-26 08:49:28.000000"
"01JDGSMCX0T1PQ6SN4PV7BZPG3","01JDFEDF008NTA922W12FS7800",LL-06-6348,d595c9d9457532aa1f285675536b0d54393bfde827c4e8541b249070106819b8,LiteLine,"0","2024-11-25 04:35:16.000000","2024-11-25 04:35:16.000000",109,"2024-11-25 19:26:51.000000"
"01JDGVF9NGKM3J327NKMFQBT0P","01JDFEDF008NTA922W12FS7800",ES-RG40-9513,d5de4a2677e3174b91e9aeeb8ef7a8927743a9fda667169ada38738f4fe4fe81,エコシート リジェネレイト,"0","2024-11-25 05:07:26.000000","2024-11-25 05:07:26.000000","0",
"01JDGVNB10C3F1XDRDCEQVWN3A","01JDFEDF008NTA922W12FS7800",PU-46-4742,3500cf476700b332192fea2c584baaad00cf9e5c145f1ccc636cb56db4023542,Phoenix Ultra,"0","2024-11-25 05:10:44.000000","2024-11-25 05:10:44.000000",251,"2024-11-26 00:29:31.000000"
"01JDGW0CHG4KP6RDB8GG8YYXVQ","01JDFEDF008NTA922W12FS7800",LC-48-4217,7d2026b9d86d817245c57300eddf21da0525a99063383bb9e0a82e7339a03598,Legacy Chair,"0","2024-11-25 05:16:46.000000","2024-11-25 05:16:46.000000",263,"2024-11-26 05:45:26.000000"
"01JDGW2D00GWZDCKCJSXMZBRYQ","01JDFEDF008NTA922W12FS7800",AS-LT02-4826,3241bb3ef5d5bb7498a17df317ad0e797e288125c9e9e5777717f865f5ba2a1b,エアシェル ライト,"0","2024-11-25 05:17:52.000000","2024-11-25 05:17:52.000000","0",
"01JDGWCH70CTHBW0FCTEV5TYEY","01JDFEDF008NTA922W12FS7800",LT-34-1716,b942506861560fd72e808c550160be4e3ae7879c6a921cb96423f94db4fd88da,LuxeThrone,"0","2024-11-25 05:23:24.000000","2024-11-25 05:23:24.000000","0",
"01JDGXEYS0S4ATK7V189P9SCMK","01JDFEDF008NTA922W12FS7800",PE-X129-296,9eb8473c8c121c53831ed96cd73a51b1d7c7176b76509105c83d8f5f86421a4e,プロゲーマーエッジ X1,"0","2024-11-25 05:42:12.000000","2024-11-25 05:42:12.000000",121,"2024-11-26 02:32:06.000000"
"01JDGY3B40ZQCKDJA11378RR1H","01JDFEDF008NTA922W12FS7800",TZ-PL51-7405,59f2441c80a4089a3c53ea162ce16cb44767be49abcbbc1284c37206946e066a,匠座 PRO LIMITED,"0","2024-11-25 05:53:20.000000","2024-11-25 05:53:20.000000",346,"2024-11-26 12:45:22.000000"
"01JDGYZW6R57APE4Z00CP9TRRF","01JDFEDF008NTA922W12FS7800",PE-X129-9812,77494ac42069cbe315060c6cd5096f92139a5d5c0611a29ce389157b5f788419,プロゲーマーエッジ X1,"0","2024-11-25 06:08:55.000000","2024-11-25 06:08:55.000000",56,"2024-11-25 18:47:18.000000"
"01JDH0RZBGZFRNFM79N1SSM99A","01JDFEDF008NTA922W12FS7800",AG-54-6220,bff915df39909da163cd0423ef8f228d7d1dbd6daa66e3d2dca93b5750197dc1,Aurora Glow,"0","2024-11-25 06:40:06.000000","2024-11-25 06:40:06.000000",166,"2024-11-26 08:42:29.000000"
"01JDH20VQ8VNMF4D1SSS3MDHWE","01JDFEDF008NTA922W12FS7800",SS-11-281,a7aeb9141a1e2a0bbd68ed7effd9e5ecaf9ef51630a8a064e46e4337e42d6f6b,StyleSit,"0","2024-11-25 07:01:53.000000","2024-11-25 07:01:53.000000","0",
"01JDH31AS8WV49A023FB4P8FBX","01JDFEDF008NTA922W12FS7800",LL-06-783,2142b7f47991d58a8de8cbbf626e33cf9e7607264985e3c5943b5dea08972ac8,LiteLine,"0","2024-11-25 07:19:37.000000","2024-11-25 07:19:37.000000",58,"2024-11-26 05:48:10.000000"
"01JDH393T09RCSDQXN9C192SMG","01JDFEDF008NTA922W12FS7800",AG-54-8766,27be1a15ed1e9ba3c1d34723ee4beffc6e41bcad0d832f90f8cab84bb36c0b4e,Aurora Glow,"0","2024-11-25 07:23:52.000000","2024-11-25 07:23:52.000000",58,"2024-11-26 12:08:59.000000"
"01JDH4KR28FBNHZY6YSQZ5B5TT","01JDFEDF008NTA922W12FS7800",SG-S120-3530,cfc53fb41e004a99c77e0a80d8a9437b7a16bec161a9fc497a0db1ad3d46840c,ストリームギア S1,"0","2024-11-25 07:47:09.000000","2024-11-25 07:47:09.000000",104,"2024-11-26 08:13:47.000000"
"01JDH4S2Z0ZJ4Z0967Y7DY5TVR","01JDFEDF008NTA922W12FS7800",ES-RG40-9085,204f8d4f987ef0913a70f6ab3a0108dac4377fbb1d41f30445a34069046a6984,エコシート リジェネレイト,"0","2024-11-25 07:50:04.000000","2024-11-25 07:50:04.000000",410,"2024-11-25 19:19:38.000000"
"01JDH4TFWG7DGM6K56726PT54N","01JDFEDF008NTA922W12FS7800",CB-09-894,4d7617c7ee2a4c93300496895e0992759620c69a58d7863df9d34be7d699e953,ComfortBasic,"0","2024-11-25 07:50:50.000000","2024-11-25 07:50:50.000000",289,"2024-11-26 11:24:07.000000"
"01JDH5K20RZAJBHGSPD9JFVN6M","01JDFEDF008NTA922W12FS7800",SG-S120-9750,905f6b71b655633813268ecce306960ad8061bc73e2b5300aec64c32af5d847e,ストリームギア S1,"0","2024-11-25 08:04:15.000000","2024-11-25 08:04:15.000000",77,"2024-11-26 03:54:26.000000"
"01JDH6951RR467D8V8ACW8XR3H","01JDFEDF008NTA922W12FS7800",ZC-36-4520,9f46df0d4ea4ea609988729f38cace4261ccadadc61e5cb7b931c70e4b9dcda9,ZenComfort,"0","2024-11-25 08:16:19.000000","2024-11-25 08:16:19.000000",362,"2024-11-26 01:32:13.000000"
"01JDH6CDHGJAJ2GWESA94B4Q9Z","01JDFEDF008NTA922W12FS7800",MC-R30-4269,fed49f8300d45b0fe87fbc8a43441e216e99f2f17dd98f912971f58855ad1d79,モーションチェア RISE,"0","2024-11-25 08:18:06.000000","2024-11-25 08:18:06.000000",87,"2024-11-25 23:25:33.000000"
"01JDH7ABHRJVN26B2JMB647AD8","01JDFEDF008NTA922W12FS7800",LA-C49-7585,983d7db414b309a86d9070ec364e5fb524ebae78a0b0f87ab4b1cf7ea566248e,ルミナスエアクラウン,"0","2024-11-25 08:34:27.000000","2024-11-25 08:34:27.000000",222,"2024-11-26 10:23:28.000000"
"01JDH7GNPGWHN8KCW3NYZNJ9C9","01JDFEDF008NTA922W12FS7800",BS-PL04-9798,20c1a779de8a0dbc29576c21ae24fe311ce948d0a05bfeeacb1020a7163ca708,ベーシックスツール プラス,"0","2024-11-25 08:37:54.000000","2024-11-25 08:37:54.000000",115,"2024-11-26 14:38:50.000000"
"01JDH9GQG880DZCRJ060703DTG","01JDFEDF008NTA922W12FS7800",ES-RG40-8130,70f832faabeabb141d7af9e0c2e4db113178e8200e40bfb4b2d906a6537ae2a9,エコシート リジェネレイト,"0","2024-11-25 09:12:53.000000","2024-11-25 09:12:53.000000","0",
"01JDHB13BG62ZW5ZFCJ2YC9YH0","01JDFEDF008NTA922W12FS7800",BP-23-5899,d1ee28b4151c98c393e404128d0bcabde0132b639e631d7e77b611d17b650121,BalancePro,"0","2024-11-25 09:39:18.000000","2024-11-25 09:39:18.000000",163,"2024-11-26 15:53:58.000000"
"01JDHBC3WR8WY7YR990CPZ2N16","01JDFEDF008NTA922W12FS7800",LA-C49-2201,f0411db70b8c8150a8853506a18de3707153137584b0ecea437b66b5c3563b4f,ルミナスエアクラウン,"0","2024-11-25 09:45:19.000000","2024-11-25 09:45:19.000000",147,"2024-11-25 18:15:07.000000"
"01JDHD164GPKBEX1DEGX6S6EPR","01JDFEDF008NTA922W12FS7800",GA-31-2133,b6880786291df105226acfdb3b433c4a0137d358ba4b02569fcf922ef02cd467,雅楽座,"0","2024-11-25 10:14:18.000000","2024-11-25 10:14:18.000000",646,"2024-11-26 14:49:14.000000"
"01JDHDZSM8TF6THD8MWRQTR8P3","01JDFEDF008NTA922W12FS7800",US-X37-7956,5b4e570ddb489d4bcd9fde5660c910e4b60ab916d94fb65b1c6e65080238d69c,アルティマシート X,"0","2024-11-25 10:31:01.000000","2024-11-25 10:31:01.000000",63,"2024-11-26 01:35:53.000000"
"01JDHE4D30APFK1ZSVMNT9FCZE","01JDFEDF008NTA922W12FS7800",ZC-36-1437,5f8ebf1b3f4ce91ab9bffffe7150f04fb5d10276866a89027ea1a629e5e8a44f,ZenComfort,"0","2024-11-25 10:33:32.000000","2024-11-25 10:33:32.000000",138,"2024-11-26 10:07:47.000000"
"01JDHFEDT89JEZ2Z2PTBFC9CDP","01JDFEDF008NTA922W12FS7800",RZ-07-903,8ce5e0577065cd0586a553f53ebad9506c927d315af416cd810cfaf27464a2d5,リラックス座,"0","2024-11-25 10:56:29.000000","2024-11-25 10:56:29.000000","0",
"01JDHGCPJ8SG27A2V9T98HEKA2","01JDFEDF008NTA922W12FS7800",PS-Z19-6434,d14a7f05181aaf015a3997e393d25ba76b32e1f183c3965651394a5d0ad3b154,プレイスタイル Z,"0","2024-11-25 11:13:01.000000","2024-11-25 11:13:01.000000",290,"2024-11-26 12:33:53.000000"
"01JDHGHDY0V1MFDJQJG11ES4W9","01JDFEDF008NTA922W12FS7800",AF-EZ15-9888,1ff7a71a767bac852f26856b208ad7ff427698112bd5e4dc13c9b0a0df6ec50f,エアフロー EZ,"0","2024-11-25 11:15:36.000000","2024-11-25 11:15:36.000000",241,"2024-11-25 22:47:23.000000"
"01JDHGZ4D8SX8B2CXHJWGTECDQ","01JDFEDF008NTA922W12FS7800",BP-23-4820,78d88c5e5166ebfa107403ac2cf83308a706df8a211a4a4cb06ed5620edb4c8c,BalancePro,"0","2024-11-25 11:23:05.000000","2024-11-25 11:23:05.000000",197,"2024-11-25 19:41:45.000000"
"01JDHH7FZRPGPNJN7TXA5F7TGG","01JDFEDF008NTA922W12FS7800",FC-P18-2082,e5359b4867cd4349da2a3f8beeaafd6c807696128f62f94e4b8b1cd5cb8ea4c3,フレックスコンフォート PRO,"0","2024-11-25 11:27:39.000000","2024-11-25 11:27:39.000000","0",
"01JDHJ0MNRHBW8SX79CH0C9DPJ","01JDFEDF008NTA922W12FS7800",SL-GX32-9605,929d6e61342306dde795e65ffde1769e3fd24084eb537397d92a80eb7bda2a55,スリムライン GX,"0","2024-11-25 11:41:23.000000","2024-11-25 11:41:23.000000",25,"2024-11-25 23:36:43.000000"
"01JDHKS3A843HJAVM6JWWWZ8DQ","01JDFEDF008NTA922W12FS7800",RZ-07-2762,7d012ceda1257c6007aa97feca7f39aa5c0661b9e61e82b36a8568d9623f84a9,リラックス座,"0","2024-11-25 12:12:13.000000","2024-11-25 12:12:13.000000","0",
"01JDHMWWTG90NYQWJXY3DTKVXA","01JDFEDF008NTA922W12FS7800",SF-01-501,25c689d5e403f573db887138bf149e7454c357a13519f2780b37b5fc98c8b706,スピンフレーム 01,"0","2024-11-25 12:31:46.000000","2024-11-25 12:31:46.000000",213,"2024-11-26 12:37:14.000000"
"01JDHMZBXRMM45M10WMNR4EEZ3","01JDFEDF008NTA922W12FS7800",ES-RG40-5712,6292eb623ea40ca59a3582a001679147da4471af78fc13ddce1f0ecb9ba70ee2,エコシート リジェネレイト,"0","2024-11-25 12:33:07.000000","2024-11-25 12:33:07.000000","0",
"01JDHNCZF8NERVS4JQ6VG3BF3E","01JDFEDF008NTA922W12FS7800",SS-R39-7634,ecc5747b27b9f938dfe64ec5b55d73cd810ca39ebeb92e363677fcbcd42c658f,ステルスシート ROGUE,"0","2024-11-25 12:40:33.000000","2024-11-25 12:40:33.000000",188,"2024-11-26 03:37:05.000000"
"01JDHRZW7GPADFNP0VED7Y36KD","01JDFEDF008NTA922W12FS7800",PA-Z28-3464,9a262fa5b66215680830ef6e8abd02fb8622ebce3baf19709802bc4e450061b9,プレミアムエアチェア ZETA,"0","2024-11-25 13:43:18.000000","2024-11-25 13:43:18.000000",301,"2024-11-26 12:21:48.000000"
"01JDHSK3F0G6XXHKRC0HG191TJ","01JDFEDF008NTA922W12FS7800",FG-C24-5590,793691f95de06cca5972e81a9de770e97d59e425a25583beb39de6ca9b14f73e,風雅（ふうが）チェア,"0","2024-11-25 13:53:48.000000","2024-11-25 13:53:48.000000",102,"2024-11-25 20:24:20.000000"
"01JDHT2QF0VND31ZCFWE9RDZFQ","01JDFEDF008NTA922W12FS7800",FC-CR27-7762,9151eb2c44228a2f10619b38f19c976abcda02d20b5312700211543ce85d6e5f,フューチャーチェア CORE,"0","2024-11-25 14:02:20.000000","2024-11-25 14:02:20.000000",242,"2024-11-26 08:56:57.000000"
"01JDHT62WGS4XFDQPBRKC69TPN","01JDFEDF008NTA922W12FS7800",RZ-07-7355,f82133214706232848d2b0bf8ca212939949280a2e7d5a981c974d60037c739c,リラックス座,"0","2024-11-25 14:04:10.000000","2024-11-25 14:04:10.000000","0",
"01JDHWCTJ0W0RMEW06T75QRER0","01JDFEDF008NTA922W12FS7800",IG-V42-5026,5a47ff58b1160bce4ee7800f1b76cb0025f6f6f01698ef78ff17c90bb7ac1f56,インフィニティ GEAR V,"0","2024-11-25 14:42:48.000000","2024-11-25 14:42:48.000000","0",
"01JDHWSNP8WWQ4KG69729FQB8A","01JDFEDF008NTA922W12FS7800",IG-V42-4177,64103ad38ae330c8099d8f3b8611034799154212d665ecdb64bdda9574837edd,インフィニティ GEAR V,"0","2024-11-25 14:49:49.000000","2024-11-25 14:49:49.000000","0",
